1 account 1 Document Freq:[0, 0, 1, 0, 0, 0, 0, 0, 0, 0] + DocNo:[APW20010124.1256.0442]
2 activ 1 Document Freq:[0, 0, 0, 0, 0, 0, 0, 0, 1, 0] + DocNo:[CNN20001019.1400.0201]
3 ad 3 Document Freq:[1, 1, 0, 0, 0, 0, 0, 1, 0, 0] + DocNo:[APW20010120.0310.0146, APW20010120.2106.0704, CNN20001019.1400.0012]
4 addit 1 Document Freq:[0, 0, 1, 0, 0, 0, 0, 0, 0, 0] + DocNo:[APW20010124.1256.0442]
5 aden 1 Document Freq:[0, 0, 0, 0, 0, 0, 0, 1, 0, 0] + DocNo:[CNN20001019.1400.0012]
6 advisori 1 Document Freq:[0, 0, 0, 0, 0, 0, 0, 0, 1, 0] + DocNo:[CNN20001019.1400.0201]
7 afghanistan 3 Document Freq:[0, 0, 0, 0, 0, 0, 0, 3, 0, 0] + DocNo:[CNN20001019.1400.0012]
8 afundament 1 Document Freq:[0, 0, 0, 0, 0, 0, 0, 1, 0, 0] + DocNo:[CNN20001019.1400.0012]
9 agenc 1 Document Freq:[0, 0, 0, 0, 0, 1, 0, 0, 0, 0] + DocNo:[AFA20001018.1000.0062]
10 aggress 1 Document Freq:[1, 0, 0, 0, 0, 0, 0, 0, 0, 0] + DocNo:[APW20010120.0310.0146]
11 ago 1 Document Freq:[0, 1, 0, 0, 0, 0, 0, 0, 0, 0] + DocNo:[APW20010120.2106.0704]
12 air 1 Document Freq:[0, 0, 0, 0, 0, 0, 0, 1, 0, 0] + DocNo:[CNN20001019.1400.0012]
13 al 1 Document Freq:[0, 0, 0, 0, 0, 0, 0, 1, 0, 0] + DocNo:[CNN20001019.1400.0012]
14 alert 1 Document Freq:[0, 0, 0, 0, 0, 0, 0, 0, 1, 0] + DocNo:[CNN20001019.1400.0201]
15 allen 1 Document Freq:[1, 0, 0, 0, 0, 0, 0, 0, 0, 0] + DocNo:[APW20010120.0310.0146]
16 allow 2 Document Freq:[2, 0, 0, 0, 0, 0, 0, 0, 0, 0] + DocNo:[APW20010120.0310.0146]
17 america 1 Document Freq:[0, 0, 0, 0, 0, 0, 0, 0, 0, 1] + DocNo:[CNN20001019.1400.0229]
18 american 5 Document Freq:[0, 0, 0, 0, 0, 0, 0, 3, 2, 0] + DocNo:[CNN20001019.1400.0012, CNN20001019.1400.0201]
19 analyst 1 Document Freq:[0, 0, 0, 0, 0, 0, 0, 0, 0, 1] + DocNo:[CNN20001019.1400.0229]
20 announc 3 Document Freq:[0, 0, 0, 0, 1, 2, 0, 0, 0, 0] + DocNo:[AFA20001018.0000.0020, AFA20001018.1000.0062]
21 answer 1 Document Freq:[1, 0, 0, 0, 0, 0, 0, 0, 0, 0] + DocNo:[APW20010120.0310.0146]
22 anthoni 1 Document Freq:[0, 0, 0, 0, 0, 0, 0, 1, 0, 0] + DocNo:[CNN20001019.1400.0012]
23 arabian 1 Document Freq:[0, 0, 0, 0, 0, 0, 0, 0, 1, 0] + DocNo:[CNN20001019.1400.0201]
24 arctic 1 Document Freq:[0, 0, 0, 0, 1, 0, 0, 0, 0, 0] + DocNo:[AFA20001018.0000.0020]
25 area 3 Document Freq:[0, 0, 0, 0, 1, 1, 0, 0, 1, 0] + DocNo:[AFA20001018.0000.0020, AFA20001018.1000.0062, CNN20001019.1400.0201]
26 arm 1 Document Freq:[0, 0, 0, 0, 0, 0, 0, 1, 0, 0] + DocNo:[CNN20001019.1400.0012]
27 arriv 1 Document Freq:[0, 0, 0, 0, 0, 0, 0, 1, 0, 0] + DocNo:[CNN20001019.1400.0012]
28 ask 1 Document Freq:[0, 0, 0, 0, 0, 0, 0, 1, 0, 0] + DocNo:[CNN20001019.1400.0012]
29 assist 1 Document Freq:[1, 0, 0, 0, 0, 0, 0, 0, 0, 0] + DocNo:[APW20010120.0310.0146]
30 associ 1 Document Freq:[0, 0, 0, 0, 0, 0, 0, 0, 1, 0] + DocNo:[CNN20001019.1400.0201]
31 attack 5 Document Freq:[0, 0, 0, 0, 0, 0, 0, 4, 1, 0] + DocNo:[CNN20001019.1400.0012, CNN20001019.1400.0201]
32 attempt 1 Document Freq:[0, 1, 0, 0, 0, 0, 0, 0, 0, 0] + DocNo:[APW20010120.2106.0704]
33 attract 1 Document Freq:[1, 0, 0, 0, 0, 0, 0, 0, 0, 0] + DocNo:[APW20010120.0310.0146]
34 august 2 Document Freq:[0, 0, 0, 0, 1, 1, 0, 0, 0, 0] + DocNo:[AFA20001018.0000.0020, AFA20001018.1000.0062]
35 averag 2 Document Freq:[1, 0, 0, 0, 0, 0, 0, 0, 0, 1] + DocNo:[APW20010120.0310.0146, CNN20001019.1400.0229]
36 ban 1 Document Freq:[0, 0, 1, 0, 0, 0, 0, 0, 0, 0] + DocNo:[APW20010124.1256.0442]
37 bank 2 Document Freq:[0, 0, 2, 0, 0, 0, 0, 0, 0, 0] + DocNo:[APW20010124.1256.0442]
38 barak 1 Document Freq:[0, 0, 1, 0, 0, 0, 0, 0, 0, 0] + DocNo:[APW20010124.1256.0442]
39 barent 2 Document Freq:[0, 0, 0, 0, 1, 1, 0, 0, 0, 0] + DocNo:[AFA20001018.0000.0020, AFA20001018.1000.0062]
40 baron 1 Document Freq:[1, 0, 0, 0, 0, 0, 0, 0, 0, 0] + DocNo:[APW20010120.0310.0146]
41 base 1 Document Freq:[0, 0, 0, 0, 0, 0, 0, 1, 0, 0] + DocNo:[CNN20001019.1400.0012]
42 basket 3 Document Freq:[1, 2, 0, 0, 0, 0, 0, 0, 0, 0] + DocNo:[APW20010120.0310.0146, APW20010120.2106.0704]
43 bc 1 Document Freq:[0, 1, 0, 0, 0, 0, 0, 0, 0, 0] + DocNo:[APW20010120.2106.0704]
44 begin 3 Document Freq:[0, 0, 0, 0, 1, 1, 0, 1, 0, 0] + DocNo:[AFA20001018.0000.0020, AFA20001018.1000.0062, CNN20001019.1400.0012]
45 believ 1 Document Freq:[0, 0, 0, 0, 0, 0, 0, 1, 0, 0] + DocNo:[CNN20001019.1400.0012]
46 bell 2 Document Freq:[0, 2, 0, 0, 0, 0, 0, 0, 0, 0] + DocNo:[APW20010120.2106.0704]
47 best 1 Document Freq:[0, 1, 0, 0, 0, 0, 0, 0, 0, 0] + DocNo:[APW20010120.2106.0704]
48 big 3 Document Freq:[1, 2, 0, 0, 0, 0, 0, 0, 0, 0] + DocNo:[APW20010120.0310.0146, APW20010120.2106.0704]
49 billet 1 Document Freq:[0, 1, 0, 0, 0, 0, 0, 0, 0, 0] + DocNo:[APW20010120.2106.0704]
50 bin 1 Document Freq:[0, 0, 0, 0, 0, 0, 0, 1, 0, 0] + DocNo:[CNN20001019.1400.0012]
51 blast 3 Document Freq:[0, 0, 0, 0, 0, 0, 0, 3, 0, 0] + DocNo:[CNN20001019.1400.0012]
52 board 5 Document Freq:[1, 0, 0, 0, 2, 1, 0, 1, 0, 0] + DocNo:[APW20010120.0310.0146, AFA20001018.0000.0020, AFA20001018.1000.0062, CNN20001019.1400.0012]
53 bodi 9 Document Freq:[1, 0, 0, 1, 1, 3, 0, 3, 0, 0] + DocNo:[APW20010120.0310.0146, XIN20001002.0800.0051, AFA20001018.0000.0020, AFA20001018.1000.0062, CNN20001019.1400.0012]
54 bomber 1 Document Freq:[0, 0, 0, 0, 0, 0, 0, 1, 0, 0] + DocNo:[CNN20001019.1400.0012]
55 boston 3 Document Freq:[0, 3, 0, 0, 0, 0, 0, 0, 0, 0] + DocNo:[APW20010120.2106.0704]
56 broadcom 1 Document Freq:[0, 0, 0, 0, 0, 0, 0, 0, 0, 1] + DocNo:[CNN20001019.1400.0229]
57 broke 1 Document Freq:[0, 1, 0, 0, 0, 0, 0, 0, 0, 0] + DocNo:[APW20010120.2106.0704]
58 brown 3 Document Freq:[3, 0, 0, 0, 0, 0, 0, 0, 0, 0] + DocNo:[APW20010120.0310.0146]
59 bruis 1 Document Freq:[1, 0, 0, 0, 0, 0, 0, 0, 0, 0] + DocNo:[APW20010120.0310.0146]
60 buck 7 Document Freq:[7, 0, 0, 0, 0, 0, 0, 0, 0, 0] + DocNo:[APW20010120.0310.0146]
61 built 2 Document Freq:[1, 1, 0, 0, 0, 0, 0, 0, 0, 0] + DocNo:[APW20010120.0310.0146, APW20010120.2106.0704]
62 burst 1 Document Freq:[0, 1, 0, 0, 0, 0, 0, 0, 0, 0] + DocNo:[APW20010120.2106.0704]
63 caffei 3 Document Freq:[3, 0, 0, 0, 0, 0, 0, 0, 0, 0] + DocNo:[APW20010120.0310.0146]
64 call 1 Document Freq:[1, 0, 0, 0, 0, 0, 0, 0, 0, 0] + DocNo:[APW20010120.0310.0146]
65 came 2 Document Freq:[1, 1, 0, 0, 0, 0, 0, 0, 0, 0] + DocNo:[APW20010120.0310.0146, APW20010120.2106.0704]
66 camera 1 Document Freq:[0, 0, 1, 0, 0, 0, 0, 0, 0, 0] + DocNo:[APW20010124.1256.0442]
67 campbel 2 Document Freq:[2, 0, 0, 0, 0, 0, 0, 0, 0, 0] + DocNo:[APW20010120.0310.0146]
68 carrier 1 Document Freq:[0, 0, 0, 0, 0, 0, 0, 1, 0, 0] + DocNo:[CNN20001019.1400.0012]
69 case 4 Document Freq:[0, 0, 0, 1, 0, 0, 0, 3, 0, 0] + DocNo:[XIN20001002.0800.0051, CNN20001019.1400.0012]
70 cassel 5 Document Freq:[5, 0, 0, 0, 0, 0, 0, 0, 0, 0] + DocNo:[APW20010120.0310.0146]
71 catastroph 1 Document Freq:[0, 0, 0, 0, 0, 0, 0, 1, 0, 0] + DocNo:[CNN20001019.1400.0012]
72 caus 1 Document Freq:[0, 0, 0, 0, 1, 0, 0, 0, 0, 0] + DocNo:[AFA20001018.0000.0020]
73 cautiou 1 Document Freq:[0, 0, 0, 0, 0, 0, 0, 0, 1, 0] + DocNo:[CNN20001019.1400.0201]
74 center 1 Document Freq:[1, 0, 0, 0, 0, 0, 0, 0, 0, 0] + DocNo:[APW20010120.0310.0146]
75 central 1 Document Freq:[1, 0, 0, 0, 0, 0, 0, 0, 0, 0] + DocNo:[APW20010120.0310.0146]
76 chang 1 Document Freq:[0, 0, 0, 0, 0, 0, 0, 1, 0, 0] + DocNo:[CNN20001019.1400.0012]
77 charlott 6 Document Freq:[6, 0, 0, 0, 0, 0, 0, 0, 0, 0] + DocNo:[APW20010120.0310.0146]
78 check 1 Document Freq:[0, 0, 0, 0, 0, 0, 0, 0, 0, 1] + DocNo:[CNN20001019.1400.0229]
79 chief 1 Document Freq:[0, 0, 0, 0, 0, 1, 0, 0, 0, 0] + DocNo:[AFA20001018.1000.0062]
80 chines 1 Document Freq:[0, 0, 1, 0, 0, 0, 0, 0, 0, 0] + DocNo:[APW20010124.1256.0442]
81 chipmak 1 Document Freq:[0, 0, 0, 0, 0, 0, 0, 0, 0, 1] + DocNo:[CNN20001019.1400.0229]
82 christian 1 Document Freq:[1, 0, 0, 0, 0, 0, 0, 0, 0, 0] + DocNo:[APW20010120.0310.0146]
83 chuck 1 Document Freq:[0, 0, 0, 0, 0, 0, 1, 0, 0, 0] + DocNo:[CNN20001019.1400.0001]
84 claim 1 Document Freq:[0, 0, 0, 0, 0, 0, 0, 1, 0, 0] + DocNo:[CNN20001019.1400.0012]
85 clear 1 Document Freq:[1, 0, 0, 0, 0, 0, 0, 0, 0, 0] + DocNo:[APW20010120.0310.0146]
86 close 2 Document Freq:[0, 1, 0, 0, 0, 0, 0, 0, 0, 1] + DocNo:[APW20010120.2106.0704, CNN20001019.1400.0229]
87 cnn 1 Document Freq:[0, 0, 0, 0, 0, 0, 0, 1, 0, 0] + DocNo:[CNN20001019.1400.0012]
88 coast 1 Document Freq:[0, 0, 0, 0, 0, 0, 0, 1, 0, 0] + DocNo:[CNN20001019.1400.0012]
89 cole 4 Document Freq:[0, 0, 0, 0, 0, 0, 0, 4, 0, 0] + DocNo:[CNN20001019.1400.0012]
90 coleman 2 Document Freq:[2, 0, 0, 0, 0, 0, 0, 0, 0, 0] + DocNo:[APW20010120.0310.0146]
91 colleg 3 Document Freq:[0, 3, 0, 0, 0, 0, 0, 0, 0, 0] + DocNo:[APW20010120.2106.0704]
92 combin 2 Document Freq:[2, 0, 0, 0, 0, 0, 0, 0, 0, 0] + DocNo:[APW20010120.0310.0146]
93 come 1 Document Freq:[0, 0, 0, 0, 0, 0, 0, 1, 0, 0] + DocNo:[CNN20001019.1400.0012]
94 command 1 Document Freq:[0, 0, 0, 0, 0, 0, 0, 1, 0, 0] + DocNo:[CNN20001019.1400.0012]
95 commiss 1 Document Freq:[0, 0, 0, 0, 0, 1, 0, 0, 0, 0] + DocNo:[AFA20001018.1000.0062]
96 committe 1 Document Freq:[0, 0, 0, 0, 0, 0, 0, 1, 0, 0] + DocNo:[CNN20001019.1400.0012]
97 commun 1 Document Freq:[0, 0, 0, 0, 0, 0, 0, 0, 0, 1] + DocNo:[CNN20001019.1400.0229]
98 compani 1 Document Freq:[0, 0, 0, 1, 0, 0, 0, 0, 0, 0] + DocNo:[XIN20001002.0800.0051]
99 concert 1 Document Freq:[1, 0, 0, 0, 0, 0, 0, 0, 0, 0] + DocNo:[APW20010120.0310.0146]
100 conclus 1 Document Freq:[0, 0, 0, 0, 0, 0, 0, 1, 0, 0] + DocNo:[CNN20001019.1400.0012]
101 condit 2 Document Freq:[0, 0, 0, 0, 1, 1, 0, 0, 0, 0] + DocNo:[AFA20001018.0000.0020, AFA20001018.1000.0062]
102 confidenti 1 Document Freq:[0, 0, 0, 1, 0, 0, 0, 0, 0, 0] + DocNo:[XIN20001002.0800.0051]
103 confirm 1 Document Freq:[0, 0, 0, 0, 0, 0, 0, 1, 0, 0] + DocNo:[CNN20001019.1400.0012]
104 congress 1 Document Freq:[0, 0, 0, 0, 0, 0, 0, 1, 0, 0] + DocNo:[CNN20001019.1400.0012]
105 consider 1 Document Freq:[0, 0, 0, 0, 0, 0, 0, 1, 0, 0] + DocNo:[CNN20001019.1400.0012]
106 continut 1 Document Freq:[1, 0, 0, 0, 0, 0, 0, 0, 0, 0] + DocNo:[APW20010120.0310.0146]
107 council 1 Document Freq:[0, 0, 0, 1, 0, 0, 0, 0, 0, 0] + DocNo:[XIN20001002.0800.0051]
108 court 1 Document Freq:[0, 0, 1, 0, 0, 0, 0, 0, 0, 0] + DocNo:[APW20010124.1256.0442]
109 crew 3 Document Freq:[0, 0, 0, 0, 1, 1, 0, 1, 0, 0] + DocNo:[AFA20001018.0000.0020, AFA20001018.1000.0062, CNN20001019.1400.0012]
110 crippl 1 Document Freq:[0, 0, 0, 0, 0, 0, 0, 1, 0, 0] + DocNo:[CNN20001019.1400.0012]
111 crowd 1 Document Freq:[1, 0, 0, 0, 0, 0, 0, 0, 0, 0] + DocNo:[APW20010120.0310.0146]
112 cut 1 Document Freq:[0, 0, 0, 0, 0, 0, 0, 1, 0, 0] + DocNo:[CNN20001019.1400.0012]
113 dai 1 Document Freq:[0, 0, 0, 0, 0, 0, 0, 1, 0, 0] + DocNo:[CNN20001019.1400.0012]
114 damag 1 Document Freq:[0, 0, 0, 0, 0, 0, 0, 1, 0, 0] + DocNo:[CNN20001019.1400.0012]
115 danc 1 Document Freq:[0, 0, 1, 0, 0, 0, 0, 0, 0, 0] + DocNo:[APW20010124.1256.0442]
116 danger 1 Document Freq:[0, 0, 0, 1, 0, 0, 0, 0, 0, 0] + DocNo:[XIN20001002.0800.0051]
117 data 1 Document Freq:[0, 0, 0, 1, 0, 0, 0, 0, 0, 0] + DocNo:[XIN20001002.0800.0051]
118 davi 1 Document Freq:[1, 0, 0, 0, 0, 0, 0, 0, 0, 0] + DocNo:[APW20010120.0310.0146]
119 david 1 Document Freq:[1, 0, 0, 0, 0, 0, 0, 0, 0, 0] + DocNo:[APW20010120.0310.0146]
120 dec 1 Document Freq:[0, 1, 0, 0, 0, 0, 0, 0, 0, 0] + DocNo:[APW20010120.2106.0704]
121 decid 1 Document Freq:[0, 0, 0, 1, 0, 0, 0, 0, 0, 0] + DocNo:[XIN20001002.0800.0051]
122 decis 5 Document Freq:[1, 1, 0, 0, 0, 2, 0, 1, 0, 0] + DocNo:[APW20010120.0310.0146, APW20010120.2106.0704, AFA20001018.1000.0062, CNN20001019.1400.0012]
123 deck 1 Document Freq:[0, 0, 0, 0, 0, 0, 0, 1, 0, 0] + DocNo:[CNN20001019.1400.0012]
124 defeat 1 Document Freq:[0, 1, 0, 0, 0, 0, 0, 0, 0, 0] + DocNo:[APW20010120.2106.0704]
125 defend 1 Document Freq:[1, 0, 0, 0, 0, 0, 0, 0, 0, 0] + DocNo:[APW20010120.0310.0146]
126 defens 1 Document Freq:[1, 0, 0, 0, 0, 0, 0, 0, 0, 0] + DocNo:[APW20010120.0310.0146]
127 delawar 1 Document Freq:[0, 0, 0, 0, 0, 0, 0, 1, 0, 0] + DocNo:[CNN20001019.1400.0012]
128 deleg 1 Document Freq:[0, 0, 1, 0, 0, 0, 0, 0, 0, 0] + DocNo:[APW20010124.1256.0442]
129 depart 1 Document Freq:[0, 0, 0, 0, 0, 0, 0, 0, 1, 0] + DocNo:[CNN20001019.1400.0201]
130 depth 1 Document Freq:[0, 0, 0, 0, 0, 1, 0, 0, 0, 0] + DocNo:[AFA20001018.1000.0062]
131 deputi 2 Document Freq:[0, 0, 0, 0, 1, 1, 0, 0, 0, 0] + DocNo:[AFA20001018.0000.0020, AFA20001018.1000.0062]
132 derrick 1 Document Freq:[1, 0, 0, 0, 0, 0, 0, 0, 0, 0] + DocNo:[APW20010120.0310.0146]
133 describ 1 Document Freq:[0, 0, 0, 0, 0, 0, 0, 1, 0, 0] + DocNo:[CNN20001019.1400.0012]
134 destroy 2 Document Freq:[0, 0, 0, 0, 0, 0, 0, 2, 0, 0] + DocNo:[CNN20001019.1400.0012]
135 detect 1 Document Freq:[0, 0, 0, 0, 0, 0, 0, 0, 1, 0] + DocNo:[CNN20001019.1400.0201]
136 develop 3 Document Freq:[0, 0, 0, 0, 0, 0, 0, 3, 0, 0] + DocNo:[CNN20001019.1400.0012]
137 digit 2 Document Freq:[0, 2, 0, 0, 0, 0, 0, 0, 0, 0] + DocNo:[APW20010120.2106.0704]
138 dinghi 1 Document Freq:[0, 0, 0, 0, 0, 0, 0, 1, 0, 0] + DocNo:[CNN20001019.1400.0012]
139 direct 2 Document Freq:[0, 0, 0, 0, 0, 0, 0, 2, 0, 0] + DocNo:[CNN20001019.1400.0012]
140 director 1 Document Freq:[0, 0, 0, 0, 0, 0, 0, 1, 0, 0] + DocNo:[CNN20001019.1400.0012]
141 disast 2 Document Freq:[0, 0, 0, 1, 1, 0, 0, 0, 0, 0] + DocNo:[XIN20001002.0800.0051, AFA20001018.0000.0020]
142 dismal 1 Document Freq:[0, 0, 0, 0, 0, 0, 0, 0, 0, 1] + DocNo:[CNN20001019.1400.0229]
143 divis 1 Document Freq:[1, 0, 0, 0, 0, 0, 0, 0, 0, 0] + DocNo:[APW20010120.0310.0146]
144 doe 2 Document Freq:[0, 0, 0, 1, 0, 1, 0, 0, 0, 0] + DocNo:[XIN20001002.0800.0051, AFA20001018.1000.0062]
145 doubl 2 Document Freq:[1, 1, 0, 0, 0, 0, 0, 0, 0, 0] + DocNo:[APW20010120.0310.0146, APW20010120.2106.0704]
146 doubt 1 Document Freq:[0, 0, 0, 0, 0, 1, 0, 0, 0, 0] + DocNo:[AFA20001018.1000.0062]
147 dover 1 Document Freq:[0, 0, 0, 0, 0, 0, 0, 1, 0, 0] + DocNo:[CNN20001019.1400.0012]
148 dow 1 Document Freq:[0, 0, 0, 0, 0, 0, 0, 0, 0, 1] + DocNo:[CNN20001019.1400.0229]
149 downturn 1 Document Freq:[0, 0, 0, 0, 0, 0, 0, 0, 0, 1] + DocNo:[CNN20001019.1400.0229]
150 drew 1 Document Freq:[1, 0, 0, 0, 0, 0, 0, 0, 0, 0] + DocNo:[APW20010120.0310.0146]
151 drive 2 Document Freq:[2, 0, 0, 0, 0, 0, 0, 0, 0, 0] + DocNo:[APW20010120.0310.0146]
152 duke 1 Document Freq:[0, 1, 0, 0, 0, 0, 0, 0, 0, 0] + DocNo:[APW20010120.2106.0704]
153 dump 1 Document Freq:[0, 0, 1, 0, 0, 0, 0, 0, 0, 0] + DocNo:[APW20010124.1256.0442]
154 dunk 1 Document Freq:[1, 0, 0, 0, 0, 0, 0, 0, 0, 0] + DocNo:[APW20010120.0310.0146]
155 eagl 4 Document Freq:[0, 4, 0, 0, 0, 0, 0, 0, 0, 0] + DocNo:[APW20010120.2106.0704]
156 earli 4 Document Freq:[1, 1, 0, 0, 0, 0, 0, 1, 0, 1] + DocNo:[APW20010120.0310.0146, APW20010120.2106.0704, CNN20001019.1400.0012, CNN20001019.1400.0229]
157 earn 1 Document Freq:[0, 0, 0, 0, 0, 0, 0, 0, 0, 1] + DocNo:[CNN20001019.1400.0229]
158 east 3 Document Freq:[0, 2, 0, 0, 0, 0, 0, 1, 0, 0] + DocNo:[APW20010120.2106.0704, CNN20001019.1400.0012]
159 effort 1 Document Freq:[0, 0, 0, 0, 0, 0, 0, 1, 0, 0] + DocNo:[CNN20001019.1400.0012]
160 egyptian 1 Document Freq:[0, 0, 1, 0, 0, 0, 0, 0, 0, 0] + DocNo:[APW20010124.1256.0442]
161 ehud 1 Document Freq:[0, 0, 1, 0, 0, 0, 0, 0, 0, 0] + DocNo:[APW20010124.1256.0442]
162 elden 1 Document Freq:[1, 0, 0, 0, 0, 0, 0, 0, 0, 0] + DocNo:[APW20010120.0310.0146]
163 element 1 Document Freq:[0, 0, 0, 0, 0, 0, 0, 1, 0, 0] + DocNo:[CNN20001019.1400.0012]
164 encourag 1 Document Freq:[0, 0, 0, 0, 0, 0, 0, 0, 0, 1] + DocNo:[CNN20001019.1400.0229]
165 enter 1 Document Freq:[0, 1, 0, 0, 0, 0, 0, 0, 0, 0] + DocNo:[APW20010120.2106.0704]
166 entic 1 Document Freq:[1, 0, 0, 0, 0, 0, 0, 0, 0, 0] + DocNo:[APW20010120.0310.0146]
167 environ 1 Document Freq:[0, 0, 1, 0, 0, 0, 0, 0, 0, 0] + DocNo:[APW20010124.1256.0442]
168 estim 1 Document Freq:[0, 0, 1, 0, 0, 0, 0, 0, 0, 0] + DocNo:[APW20010124.1256.0442]
169 estrada 1 Document Freq:[0, 0, 1, 0, 0, 0, 0, 0, 0, 0] + DocNo:[APW20010124.1256.0442]
170 evid 2 Document Freq:[0, 0, 0, 0, 0, 0, 0, 2, 0, 0] + DocNo:[CNN20001019.1400.0012]
171 exclud 1 Document Freq:[0, 0, 0, 0, 0, 1, 0, 0, 0, 0] + DocNo:[AFA20001018.1000.0062]
172 explos 1 Document Freq:[0, 0, 0, 0, 1, 0, 0, 0, 0, 0] + DocNo:[AFA20001018.0000.0020]
173 extend 1 Document Freq:[1, 0, 0, 0, 0, 0, 0, 0, 0, 0] + DocNo:[APW20010120.0310.0146]
174 eyewitnesss 1 Document Freq:[0, 0, 0, 0, 0, 0, 0, 1, 0, 0] + DocNo:[CNN20001019.1400.0012]
175 face 1 Document Freq:[0, 0, 0, 1, 0, 0, 0, 0, 0, 0] + DocNo:[XIN20001002.0800.0051]
176 famin 1 Document Freq:[1, 0, 0, 0, 0, 0, 0, 0, 0, 0] + DocNo:[APW20010120.0310.0146]
177 fan 1 Document Freq:[1, 0, 0, 0, 0, 0, 0, 0, 0, 0] + DocNo:[APW20010120.0310.0146]
178 far 1 Document Freq:[0, 0, 0, 0, 0, 0, 0, 1, 0, 0] + DocNo:[CNN20001019.1400.0012]
179 fbi 2 Document Freq:[0, 0, 0, 0, 0, 0, 0, 2, 0, 0] + DocNo:[CNN20001019.1400.0012]
180 feast 1 Document Freq:[1, 0, 0, 0, 0, 0, 0, 0, 0, 0] + DocNo:[APW20010120.0310.0146]
181 field 1 Document Freq:[0, 1, 0, 0, 0, 0, 0, 0, 0, 0] + DocNo:[APW20010120.2106.0704]
182 final 1 Document Freq:[0, 0, 0, 0, 0, 1, 0, 0, 0, 0] + DocNo:[AFA20001018.1000.0062]
183 finger 1 Document Freq:[0, 0, 0, 0, 0, 0, 0, 1, 0, 0] + DocNo:[CNN20001019.1400.0012]
184 finish 1 Document Freq:[1, 0, 0, 0, 0, 0, 0, 0, 0, 0] + DocNo:[APW20010120.0310.0146]
185 firework 1 Document Freq:[0, 0, 1, 0, 0, 0, 0, 0, 0, 0] + DocNo:[APW20010124.1256.0442]
186 firm 1 Document Freq:[0, 0, 0, 0, 1, 0, 0, 0, 0, 0] + DocNo:[AFA20001018.0000.0020]
187 float 1 Document Freq:[0, 0, 0, 0, 0, 0, 0, 1, 0, 0] + DocNo:[CNN20001019.1400.0012]
188 flown 1 Document Freq:[0, 0, 0, 0, 0, 0, 0, 1, 0, 0] + DocNo:[CNN20001019.1400.0012]
189 flu 1 Document Freq:[1, 0, 0, 0, 0, 0, 0, 0, 0, 0] + DocNo:[APW20010120.0310.0146]
190 follow 1 Document Freq:[0, 0, 0, 0, 0, 0, 0, 1, 0, 0] + DocNo:[CNN20001019.1400.0012]
191 forc 3 Document Freq:[1, 0, 0, 0, 0, 0, 0, 1, 1, 0] + DocNo:[APW20010120.0310.0146, CNN20001019.1400.0012, CNN20001019.1400.0201]
192 foreign 1 Document Freq:[0, 0, 0, 1, 0, 0, 0, 0, 0, 0] + DocNo:[XIN20001002.0800.0051]
193 forens 1 Document Freq:[0, 0, 0, 0, 0, 0, 0, 1, 0, 0] + DocNo:[CNN20001019.1400.0012]
194 forward 1 Document Freq:[1, 0, 0, 0, 0, 0, 0, 0, 0, 0] + DocNo:[APW20010120.0310.0146]
195 foul 1 Document Freq:[1, 0, 0, 0, 0, 0, 0, 0, 0, 0] + DocNo:[APW20010120.0310.0146]
196 fourth 2 Document Freq:[2, 0, 0, 0, 0, 0, 0, 0, 0, 0] + DocNo:[APW20010120.0310.0146]
197 fragil 1 Document Freq:[0, 0, 1, 0, 0, 0, 0, 0, 0, 0] + DocNo:[APW20010124.1256.0442]
198 free 4 Document Freq:[3, 1, 0, 0, 0, 0, 0, 0, 0, 0] + DocNo:[APW20010120.0310.0146, APW20010120.2106.0704]
199 freeh 1 Document Freq:[0, 0, 0, 0, 0, 0, 0, 1, 0, 0] + DocNo:[CNN20001019.1400.0012]
200 freez 1 Document Freq:[0, 0, 1, 0, 0, 0, 0, 0, 0, 0] + DocNo:[APW20010124.1256.0442]
201 fridai 1 Document Freq:[1, 0, 0, 0, 0, 0, 0, 0, 0, 0] + DocNo:[APW20010120.0310.0146]
202 fuel 2 Document Freq:[0, 0, 2, 0, 0, 0, 0, 0, 0, 0] + DocNo:[APW20010124.1256.0442]
203 galapago 1 Document Freq:[0, 0, 1, 0, 0, 0, 0, 0, 0, 0] + DocNo:[APW20010124.1256.0442]
204 gallon 1 Document Freq:[0, 0, 1, 0, 0, 0, 0, 0, 0, 0] + DocNo:[APW20010124.1256.0442]
205 game 13 Document Freq:[8, 5, 0, 0, 0, 0, 0, 0, 0, 0] + DocNo:[APW20010120.0310.0146, APW20010120.2106.0704]
206 gener 2 Document Freq:[0, 0, 0, 0, 0, 1, 0, 1, 0, 0] + DocNo:[AFA20001018.1000.0062, CNN20001019.1400.0012]
207 german 1 Document Freq:[0, 0, 1, 0, 0, 0, 0, 0, 0, 0] + DocNo:[APW20010124.1256.0442]
208 glenn 1 Document Freq:[1, 0, 0, 0, 0, 0, 0, 0, 0, 0] + DocNo:[APW20010120.0310.0146]
209 go 1 Document Freq:[0, 1, 0, 0, 0, 0, 0, 0, 0, 0] + DocNo:[APW20010120.2106.0704]
210 goaltend 1 Document Freq:[1, 0, 0, 0, 0, 0, 0, 0, 0, 0] + DocNo:[APW20010120.0310.0146]
211 good 3 Document Freq:[1, 0, 0, 0, 0, 0, 0, 1, 0, 1] + DocNo:[APW20010120.0310.0146, CNN20001019.1400.0012, CNN20001019.1400.0229]
212 gov 1 Document Freq:[0, 0, 1, 0, 0, 0, 0, 0, 0, 0] + DocNo:[APW20010124.1256.0442]
213 govern 1 Document Freq:[0, 0, 0, 0, 0, 1, 0, 0, 0, 0] + DocNo:[AFA20001018.1000.0062]
214 gradual 1 Document Freq:[0, 1, 0, 0, 0, 0, 0, 0, 0, 0] + DocNo:[APW20010120.2106.0704]
215 grew 1 Document Freq:[1, 0, 0, 0, 0, 0, 0, 0, 0, 0] + DocNo:[APW20010120.0310.0146]
216 group 3 Document Freq:[1, 0, 0, 0, 0, 0, 0, 1, 1, 0] + DocNo:[APW20010120.0310.0146, CNN20001019.1400.0012, CNN20001019.1400.0201]
217 gulf 1 Document Freq:[0, 0, 0, 0, 0, 0, 0, 0, 1, 0] + DocNo:[CNN20001019.1400.0201]
218 half 2 Document Freq:[1, 1, 0, 0, 0, 0, 0, 0, 0, 0] + DocNo:[APW20010120.0310.0146, APW20010120.2106.0704]
219 halftim 2 Document Freq:[1, 1, 0, 0, 0, 0, 0, 0, 0, 0] + DocNo:[APW20010120.0310.0146, APW20010120.2106.0704]
220 harlei 1 Document Freq:[0, 1, 0, 0, 0, 0, 0, 0, 0, 0] + DocNo:[APW20010120.2106.0704]
221 headlin 1 Document Freq:[0, 0, 0, 0, 0, 0, 1, 0, 0, 0] + DocNo:[CNN20001019.1400.0001]
222 help 2 Document Freq:[1, 0, 0, 1, 0, 0, 0, 0, 0, 0] + DocNo:[APW20010120.0310.0146, XIN20001002.0800.0051]
223 high 1 Document Freq:[1, 0, 0, 0, 0, 0, 0, 0, 0, 0] + DocNo:[APW20010120.0310.0146]
224 higher 2 Document Freq:[0, 0, 0, 0, 0, 0, 0, 0, 1, 1] + DocNo:[CNN20001019.1400.0201, CNN20001019.1400.0229]
225 hindu 1 Document Freq:[0, 0, 1, 0, 0, 0, 0, 0, 0, 0] + DocNo:[APW20010124.1256.0442]
226 hit 2 Document Freq:[0, 2, 0, 0, 0, 0, 0, 0, 0, 0] + DocNo:[APW20010120.2106.0704]
227 hold 1 Document Freq:[0, 1, 0, 0, 0, 0, 0, 0, 0, 0] + DocNo:[APW20010120.2106.0704]
228 hole 1 Document Freq:[0, 0, 0, 0, 0, 0, 0, 1, 0, 0] + DocNo:[CNN20001019.1400.0012]
229 home 1 Document Freq:[0, 0, 0, 0, 0, 0, 0, 1, 0, 0] + DocNo:[CNN20001019.1400.0012]
230 hornet 9 Document Freq:[9, 0, 0, 0, 0, 0, 0, 0, 0, 0] + DocNo:[APW20010120.0310.0146]
231 hunt 1 Document Freq:[0, 0, 0, 0, 0, 0, 0, 1, 0, 0] + DocNo:[CNN20001019.1400.0012]
232 hurt 1 Document Freq:[0, 1, 0, 0, 0, 0, 0, 0, 0, 0] + DocNo:[APW20010120.2106.0704]
233 identifi 1 Document Freq:[0, 0, 0, 0, 0, 0, 0, 1, 0, 0] + DocNo:[CNN20001019.1400.0012]
234 ilya 2 Document Freq:[0, 0, 0, 0, 1, 1, 0, 0, 0, 0] + DocNo:[AFA20001018.0000.0020, AFA20001018.1000.0062]
235 improv 2 Document Freq:[0, 1, 0, 0, 0, 0, 0, 1, 0, 0] + DocNo:[APW20010120.2106.0704, CNN20001019.1400.0012]
236 incent 1 Document Freq:[1, 0, 0, 0, 0, 0, 0, 0, 0, 0] + DocNo:[APW20010120.0310.0146]
237 incid 2 Document Freq:[0, 0, 0, 0, 0, 2, 0, 0, 0, 0] + DocNo:[AFA20001018.1000.0062]
238 increas 1 Document Freq:[1, 0, 0, 0, 0, 0, 0, 0, 0, 0] + DocNo:[APW20010120.0310.0146]
239 industri 1 Document Freq:[0, 0, 0, 0, 0, 0, 0, 0, 0, 1] + DocNo:[CNN20001019.1400.0229]
240 insid 2 Document Freq:[0, 0, 0, 0, 0, 0, 0, 2, 0, 0] + DocNo:[CNN20001019.1400.0012]
241 intens 1 Document Freq:[1, 0, 0, 0, 0, 0, 0, 0, 0, 0] + DocNo:[APW20010120.0310.0146]
242 interfax 1 Document Freq:[0, 0, 0, 0, 0, 1, 0, 0, 0, 0] + DocNo:[AFA20001018.1000.0062]
243 interior 1 Document Freq:[0, 0, 0, 0, 0, 0, 0, 1, 0, 0] + DocNo:[CNN20001019.1400.0012]
244 internet 1 Document Freq:[0, 0, 0, 0, 0, 0, 0, 0, 0, 1] + DocNo:[CNN20001019.1400.0229]
245 investig 4 Document Freq:[0, 0, 0, 0, 0, 0, 0, 4, 0, 0] + DocNo:[CNN20001019.1400.0012]
246 investor 2 Document Freq:[0, 0, 0, 0, 0, 0, 0, 0, 0, 2] + DocNo:[CNN20001019.1400.0229]
247 involv 2 Document Freq:[0, 0, 0, 0, 0, 0, 0, 2, 0, 0] + DocNo:[CNN20001019.1400.0012]
248 island 1 Document Freq:[0, 0, 1, 0, 0, 0, 0, 0, 0, 0] + DocNo:[APW20010124.1256.0442]
249 isra 1 Document Freq:[0, 0, 1, 0, 0, 0, 0, 0, 0, 0] + DocNo:[APW20010124.1256.0442]
250 israel 1 Document Freq:[0, 0, 1, 0, 0, 0, 0, 0, 0, 0] + DocNo:[APW20010124.1256.0442]
251 issu 2 Document Freq:[0, 0, 0, 1, 0, 1, 0, 0, 0, 0] + DocNo:[XIN20001002.0800.0051, AFA20001018.1000.0062]
252 ivanov 3 Document Freq:[0, 0, 0, 3, 0, 0, 0, 0, 0, 0] + DocNo:[XIN20001002.0800.0051]
253 j 1 Document Freq:[1, 0, 0, 0, 0, 0, 0, 0, 0, 0] + DocNo:[APW20010120.0310.0146]
254 jamal 1 Document Freq:[1, 0, 0, 0, 0, 0, 0, 0, 0, 0] + DocNo:[APW20010120.0310.0146]
255 jason 1 Document Freq:[1, 0, 0, 0, 0, 0, 0, 0, 0, 0] + DocNo:[APW20010120.0310.0146]
256 jihad 1 Document Freq:[0, 0, 0, 0, 0, 0, 0, 1, 0, 0] + DocNo:[CNN20001019.1400.0012]
257 join 1 Document Freq:[0, 0, 0, 0, 0, 0, 0, 1, 0, 0] + DocNo:[CNN20001019.1400.0012]
258 jone 1 Document Freq:[0, 0, 0, 0, 0, 0, 0, 0, 0, 1] + DocNo:[CNN20001019.1400.0229]
259 jumper 1 Document Freq:[1, 0, 0, 0, 0, 0, 0, 0, 0, 0] + DocNo:[APW20010120.0310.0146]
260 just 2 Document Freq:[1, 1, 0, 0, 0, 0, 0, 0, 0, 0] + DocNo:[APW20010120.0310.0146, APW20010120.2106.0704]
261 keep 1 Document Freq:[0, 0, 1, 0, 0, 0, 0, 0, 0, 0] + DocNo:[APW20010124.1256.0442]
262 kei 1 Document Freq:[0, 1, 0, 0, 0, 0, 0, 0, 0, 0] + DocNo:[APW20010120.2106.0704]
263 kenni 1 Document Freq:[0, 1, 0, 0, 0, 0, 0, 0, 0, 0] + DocNo:[APW20010120.2106.0704]
264 kill 4 Document Freq:[0, 0, 1, 1, 0, 0, 0, 2, 0, 0] + DocNo:[APW20010124.1256.0442, XIN20001002.0800.0051, CNN20001019.1400.0012]
265 kind 1 Document Freq:[0, 0, 0, 0, 0, 0, 0, 1, 0, 0] + DocNo:[CNN20001019.1400.0012]
266 klebanov 2 Document Freq:[0, 0, 0, 0, 1, 1, 0, 0, 0, 0] + DocNo:[AFA20001018.0000.0020, AFA20001018.1000.0062]
267 knee 1 Document Freq:[1, 0, 0, 0, 0, 0, 0, 0, 0, 0] + DocNo:[APW20010120.0310.0146]
268 knight 1 Document Freq:[0, 1, 0, 0, 0, 0, 0, 0, 0, 0] + DocNo:[APW20010120.2106.0704]
269 known 1 Document Freq:[0, 0, 0, 0, 0, 0, 0, 0, 1, 0] + DocNo:[CNN20001019.1400.0201]
270 kursk 4 Document Freq:[0, 0, 0, 2, 1, 1, 0, 0, 0, 0] + DocNo:[XIN20001002.0800.0051, AFA20001018.0000.0020, AFA20001018.1000.0062]
271 laden 1 Document Freq:[0, 0, 0, 0, 0, 0, 0, 1, 0, 0] + DocNo:[CNN20001019.1400.0012]
272 lane 1 Document Freq:[1, 0, 0, 0, 0, 0, 0, 0, 0, 0] + DocNo:[APW20010120.0310.0146]
273 larg 1 Document Freq:[0, 0, 0, 0, 0, 0, 0, 1, 0, 0] + DocNo:[CNN20001019.1400.0012]
274 larger 1 Document Freq:[1, 0, 0, 0, 0, 0, 0, 0, 0, 0] + DocNo:[APW20010120.0310.0146]
275 late 2 Document Freq:[1, 1, 0, 0, 0, 0, 0, 0, 0, 0] + DocNo:[APW20010120.0310.0146, APW20010120.2106.0704]
276 launch 1 Document Freq:[0, 0, 0, 0, 0, 0, 0, 1, 0, 0] + DocNo:[CNN20001019.1400.0012]
277 layup 1 Document Freq:[1, 0, 0, 0, 0, 0, 0, 0, 0, 0] + DocNo:[APW20010120.0310.0146]
278 lead 6 Document Freq:[3, 3, 0, 0, 0, 0, 0, 0, 0, 0] + DocNo:[APW20010120.0310.0146, APW20010120.2106.0704]
279 leader 1 Document Freq:[0, 0, 1, 0, 0, 0, 0, 0, 0, 0] + DocNo:[APW20010124.1256.0442]
280 leagu 1 Document Freq:[0, 1, 0, 0, 0, 0, 0, 0, 0, 0] + DocNo:[APW20010120.2106.0704]
281 led 2 Document Freq:[1, 1, 0, 0, 0, 0, 0, 0, 0, 0] + DocNo:[APW20010120.0310.0146, APW20010120.2106.0704]
282 left 2 Document Freq:[2, 0, 0, 0, 0, 0, 0, 0, 0, 0] + DocNo:[APW20010120.0310.0146]
283 let 1 Document Freq:[0, 0, 0, 0, 0, 0, 0, 0, 0, 1] + DocNo:[CNN20001019.1400.0229]
284 lift 4 Document Freq:[0, 0, 0, 0, 1, 3, 0, 0, 0, 0] + DocNo:[AFA20001018.0000.0020, AFA20001018.1000.0062]
285 like 1 Document Freq:[0, 0, 0, 0, 0, 0, 0, 1, 0, 0] + DocNo:[CNN20001019.1400.0012]
286 line 1 Document Freq:[0, 1, 0, 0, 0, 0, 0, 0, 0, 0] + DocNo:[APW20010120.2106.0704]
287 lion 1 Document Freq:[0, 0, 1, 0, 0, 0, 0, 0, 0, 0] + DocNo:[APW20010124.1256.0442]
288 list 1 Document Freq:[0, 0, 0, 0, 0, 0, 0, 1, 0, 0] + DocNo:[CNN20001019.1400.0012]
289 liter 1 Document Freq:[0, 0, 0, 0, 0, 0, 0, 1, 0, 0] + DocNo:[CNN20001019.1400.0012]
290 littl 1 Document Freq:[1, 0, 0, 0, 0, 0, 0, 0, 0, 0] + DocNo:[APW20010120.0310.0146]
291 live 1 Document Freq:[0, 0, 0, 1, 0, 0, 0, 0, 0, 0] + DocNo:[XIN20001002.0800.0051]
292 locat 1 Document Freq:[0, 0, 0, 0, 0, 0, 0, 1, 0, 0] + DocNo:[CNN20001019.1400.0012]
293 look 1 Document Freq:[0, 0, 0, 0, 0, 0, 0, 1, 0, 0] + DocNo:[CNN20001019.1400.0012]
294 loos 1 Document Freq:[0, 1, 0, 0, 0, 0, 0, 0, 0, 0] + DocNo:[APW20010120.2106.0704]
295 lose 1 Document Freq:[0, 0, 0, 0, 0, 1, 0, 0, 0, 0] + DocNo:[AFA20001018.1000.0062]
296 loser 1 Document Freq:[0, 1, 0, 0, 0, 0, 0, 0, 0, 0] + DocNo:[APW20010120.2106.0704]
297 loss 1 Document Freq:[0, 0, 0, 0, 0, 0, 0, 0, 0, 1] + DocNo:[CNN20001019.1400.0229]
298 lost 2 Document Freq:[1, 1, 0, 0, 0, 0, 0, 0, 0, 0] + DocNo:[APW20010120.0310.0146, APW20010120.2106.0704]
299 loui 1 Document Freq:[0, 0, 0, 0, 0, 0, 0, 1, 0, 0] + DocNo:[CNN20001019.1400.0012]
300 low 2 Document Freq:[1, 0, 0, 0, 0, 0, 0, 0, 1, 0] + DocNo:[APW20010120.0310.0146, CNN20001019.1400.0201]
301 lunar 1 Document Freq:[0, 0, 1, 0, 0, 0, 0, 0, 0, 0] + DocNo:[APW20010124.1256.0442]
302 make 2 Document Freq:[0, 0, 0, 0, 0, 0, 0, 2, 0, 0] + DocNo:[CNN20001019.1400.0012]
303 maker 1 Document Freq:[0, 0, 0, 0, 0, 0, 0, 0, 0, 1] + DocNo:[CNN20001019.1400.0229]
304 man 1 Document Freq:[0, 0, 0, 0, 0, 1, 0, 0, 0, 0] + DocNo:[AFA20001018.1000.0062]
305 march 1 Document Freq:[0, 0, 0, 0, 0, 0, 0, 0, 0, 1] + DocNo:[CNN20001019.1400.0229]
306 marin 2 Document Freq:[0, 0, 1, 0, 0, 0, 0, 1, 0, 0] + DocNo:[APW20010124.1256.0442, CNN20001019.1400.0012]
307 mashburn 2 Document Freq:[2, 0, 0, 0, 0, 0, 0, 0, 0, 0] + DocNo:[APW20010120.0310.0146]
308 mass 1 Document Freq:[0, 0, 0, 0, 0, 0, 0, 1, 0, 0] + DocNo:[CNN20001019.1400.0012]
309 matter 2 Document Freq:[0, 0, 0, 1, 0, 1, 0, 0, 0, 0] + DocNo:[XIN20001002.0800.0051, AFA20001018.1000.0062]
310 mayb 1 Document Freq:[0, 0, 0, 0, 0, 0, 0, 1, 0, 0] + DocNo:[CNN20001019.1400.0012]
311 member 1 Document Freq:[0, 0, 0, 0, 0, 0, 0, 1, 0, 0] + DocNo:[CNN20001019.1400.0012]
312 metal 1 Document Freq:[0, 0, 0, 0, 0, 0, 0, 1, 0, 0] + DocNo:[CNN20001019.1400.0012]
313 metr 1 Document Freq:[0, 0, 0, 0, 0, 1, 0, 0, 0, 0] + DocNo:[AFA20001018.1000.0062]
314 microsoft 1 Document Freq:[0, 0, 0, 0, 0, 0, 0, 0, 0, 1] + DocNo:[CNN20001019.1400.0229]
315 mid 1 Document Freq:[0, 0, 0, 0, 0, 0, 0, 0, 0, 1] + DocNo:[CNN20001019.1400.0229]
316 middl 1 Document Freq:[0, 0, 0, 0, 0, 0, 0, 1, 0, 0] + DocNo:[CNN20001019.1400.0012]
317 militari 2 Document Freq:[0, 0, 0, 1, 0, 0, 0, 0, 1, 0] + DocNo:[XIN20001002.0800.0051, CNN20001019.1400.0201]
318 milwauke 3 Document Freq:[3, 0, 0, 0, 0, 0, 0, 0, 0, 0] + DocNo:[APW20010120.0310.0146]
319 minist 3 Document Freq:[0, 0, 1, 0, 1, 1, 0, 0, 0, 0] + DocNo:[APW20010124.1256.0442, AFA20001018.0000.0020, AFA20001018.1000.0062]
320 minut 1 Document Freq:[1, 0, 0, 0, 0, 0, 0, 0, 0, 0] + DocNo:[APW20010120.0310.0146]
321 miss 1 Document Freq:[1, 0, 0, 0, 0, 0, 0, 0, 0, 0] + DocNo:[APW20010120.0310.0146]
322 mobil 1 Document Freq:[0, 0, 0, 0, 0, 0, 0, 0, 0, 1] + DocNo:[CNN20001019.1400.0229]
323 monk 1 Document Freq:[0, 0, 1, 0, 0, 0, 0, 0, 0, 0] + DocNo:[APW20010124.1256.0442]
324 moral 1 Document Freq:[0, 0, 0, 1, 0, 0, 0, 0, 0, 0] + DocNo:[XIN20001002.0800.0051]
325 motiv 1 Document Freq:[0, 0, 0, 0, 0, 0, 0, 1, 0, 0] + DocNo:[CNN20001019.1400.0012]
326 mount 1 Document Freq:[1, 0, 0, 0, 0, 0, 0, 0, 0, 0] + DocNo:[APW20010120.0310.0146]
327 move 1 Document Freq:[0, 0, 0, 0, 0, 0, 0, 1, 0, 0] + DocNo:[CNN20001019.1400.0012]
328 music 1 Document Freq:[1, 0, 0, 0, 0, 0, 0, 0, 0, 0] + DocNo:[APW20010120.0310.0146]
329 nake 1 Document Freq:[0, 0, 1, 0, 0, 0, 0, 0, 0, 0] + DocNo:[APW20010124.1256.0442]
330 nation 1 Document Freq:[0, 0, 0, 1, 0, 0, 0, 0, 0, 0] + DocNo:[XIN20001002.0800.0051]
331 natur 1 Document Freq:[0, 0, 0, 0, 0, 0, 0, 1, 0, 0] + DocNo:[CNN20001019.1400.0012]
332 ncaa 1 Document Freq:[0, 1, 0, 0, 0, 0, 0, 0, 0, 0] + DocNo:[APW20010120.2106.0704]
333 new 3 Document Freq:[0, 0, 1, 0, 0, 1, 1, 0, 0, 0] + DocNo:[APW20010124.1256.0442, AFA20001018.1000.0062, CNN20001019.1400.0001]
334 night 1 Document Freq:[1, 0, 0, 0, 0, 0, 0, 0, 0, 0] + DocNo:[APW20010120.0310.0146]
335 nokia 1 Document Freq:[0, 0, 0, 0, 0, 0, 0, 0, 0, 1] + DocNo:[CNN20001019.1400.0229]
336 non 1 Document Freq:[0, 0, 0, 0, 0, 1, 0, 0, 0, 0] + DocNo:[AFA20001018.1000.0062]
337 note 1 Document Freq:[1, 0, 0, 0, 0, 0, 0, 0, 0, 0] + DocNo:[APW20010120.0310.0146]
338 nuclear 2 Document Freq:[0, 0, 0, 1, 1, 0, 0, 0, 0, 0] + DocNo:[XIN20001002.0800.0051, AFA20001018.0000.0020]
339 number 3 Document Freq:[0, 0, 0, 0, 0, 0, 0, 2, 0, 1] + DocNo:[CNN20001019.1400.0012, CNN20001019.1400.0229]
340 occas 1 Document Freq:[0, 0, 0, 1, 0, 0, 0, 0, 0, 0] + DocNo:[XIN20001002.0800.0051]
341 occur 1 Document Freq:[0, 0, 0, 1, 0, 0, 0, 0, 0, 0] + DocNo:[XIN20001002.0800.0051]
342 offens 1 Document Freq:[1, 0, 0, 0, 0, 0, 0, 0, 0, 0] + DocNo:[APW20010120.0310.0146]
343 offici 7 Document Freq:[0, 0, 0, 0, 0, 0, 0, 5, 2, 0] + DocNo:[CNN20001019.1400.0012, CNN20001019.1400.0201]
344 onlin 1 Document Freq:[0, 0, 0, 0, 0, 0, 0, 0, 0, 1] + DocNo:[CNN20001019.1400.0229]
345 oper 2 Document Freq:[0, 0, 0, 0, 0, 0, 0, 2, 0, 0] + DocNo:[CNN20001019.1400.0012]
346 oppon 1 Document Freq:[0, 1, 0, 0, 0, 0, 0, 0, 0, 0] + DocNo:[APW20010120.2106.0704]
347 order 1 Document Freq:[0, 0, 0, 1, 0, 0, 0, 0, 0, 0] + DocNo:[XIN20001002.0800.0051]
348 osama 1 Document Freq:[0, 0, 0, 0, 0, 0, 0, 1, 0, 0] + DocNo:[CNN20001019.1400.0012]
349 oti 1 Document Freq:[1, 0, 0, 0, 0, 0, 0, 0, 0, 0] + DocNo:[APW20010120.0310.0146]
350 p 1 Document Freq:[1, 0, 0, 0, 0, 0, 0, 0, 0, 0] + DocNo:[APW20010120.0310.0146]
351 pacif 1 Document Freq:[0, 0, 0, 1, 0, 0, 0, 0, 0, 0] + DocNo:[XIN20001002.0800.0051]
352 paddl 1 Document Freq:[0, 0, 0, 0, 0, 0, 0, 1, 0, 0] + DocNo:[CNN20001019.1400.0012]
353 pair 1 Document Freq:[0, 1, 0, 0, 0, 0, 0, 0, 0, 0] + DocNo:[APW20010120.2106.0704]
354 peac 1 Document Freq:[0, 0, 1, 0, 0, 0, 0, 0, 0, 0] + DocNo:[APW20010124.1256.0442]
355 peninsula 1 Document Freq:[0, 0, 0, 0, 0, 0, 0, 0, 1, 0] + DocNo:[CNN20001019.1400.0201]
356 pentagon 2 Document Freq:[0, 0, 0, 0, 0, 0, 0, 1, 1, 0] + DocNo:[CNN20001019.1400.0012, CNN20001019.1400.0201]
357 peopl 2 Document Freq:[0, 0, 0, 0, 0, 0, 0, 1, 1, 0] + DocNo:[CNN20001019.1400.0012, CNN20001019.1400.0201]
358 percent 4 Document Freq:[1, 3, 0, 0, 0, 0, 0, 0, 0, 0] + DocNo:[APW20010120.0310.0146, APW20010120.2106.0704]
359 perform 1 Document Freq:[1, 0, 0, 0, 0, 0, 0, 0, 0, 0] + DocNo:[APW20010120.0310.0146]
360 perpetr 1 Document Freq:[0, 0, 0, 0, 0, 0, 0, 1, 0, 0] + DocNo:[CNN20001019.1400.0012]
361 persian 1 Document Freq:[0, 0, 0, 0, 0, 0, 0, 0, 1, 0] + DocNo:[CNN20001019.1400.0201]
362 person 1 Document Freq:[0, 0, 0, 1, 0, 0, 0, 0, 0, 0] + DocNo:[XIN20001002.0800.0051]
363 phone 1 Document Freq:[0, 0, 0, 0, 0, 0, 0, 0, 0, 1] + DocNo:[CNN20001019.1400.0229]
364 place 3 Document Freq:[1, 0, 0, 0, 0, 1, 0, 1, 0, 0] + DocNo:[APW20010120.0310.0146, AFA20001018.1000.0062, CNN20001019.1400.0012]
365 plai 2 Document Freq:[2, 0, 0, 0, 0, 0, 0, 0, 0, 0] + DocNo:[APW20010120.0310.0146]
366 plane 1 Document Freq:[0, 0, 0, 0, 0, 0, 0, 1, 0, 0] + DocNo:[CNN20001019.1400.0012]
367 plung 2 Document Freq:[0, 0, 1, 0, 0, 0, 0, 0, 0, 1] + DocNo:[APW20010124.1256.0442, CNN20001019.1400.0229]
368 point 14 Document Freq:[6, 3, 0, 1, 0, 2, 0, 1, 0, 1] + DocNo:[APW20010120.0310.0146, APW20010120.2106.0704, XIN20001002.0800.0051, AFA20001018.1000.0062, CNN20001019.1400.0012, CNN20001019.1400.0229]
369 pointer 1 Document Freq:[0, 1, 0, 0, 0, 0, 0, 0, 0, 0] + DocNo:[APW20010120.2106.0704]
370 poor 2 Document Freq:[0, 0, 0, 0, 1, 1, 0, 0, 0, 0] + DocNo:[AFA20001018.0000.0020, AFA20001018.1000.0062]
371 port 1 Document Freq:[0, 0, 0, 0, 0, 0, 0, 1, 0, 0] + DocNo:[CNN20001019.1400.0012]
372 post 1 Document Freq:[1, 0, 0, 0, 0, 0, 0, 0, 0, 0] + DocNo:[APW20010120.0310.0146]
373 postpon 2 Document Freq:[0, 0, 0, 0, 1, 1, 0, 0, 0, 0] + DocNo:[AFA20001018.0000.0020, AFA20001018.1000.0062]
374 potenti 1 Document Freq:[0, 0, 0, 0, 0, 0, 0, 0, 1, 0] + DocNo:[CNN20001019.1400.0201]
375 preced 1 Document Freq:[0, 0, 0, 1, 0, 0, 0, 0, 0, 0] + DocNo:[XIN20001002.0800.0051]
376 presenc 1 Document Freq:[1, 0, 0, 0, 0, 0, 0, 0, 0, 0] + DocNo:[APW20010120.0310.0146]
377 presid 2 Document Freq:[0, 0, 0, 0, 0, 0, 0, 2, 0, 0] + DocNo:[CNN20001019.1400.0012]
378 price 1 Document Freq:[0, 0, 0, 0, 0, 0, 0, 0, 0, 1] + DocNo:[CNN20001019.1400.0229]
379 prime 3 Document Freq:[0, 0, 1, 0, 1, 1, 0, 0, 0, 0] + DocNo:[APW20010124.1256.0442, AFA20001018.0000.0020, AFA20001018.1000.0062]
380 principl 1 Document Freq:[0, 0, 0, 1, 0, 0, 0, 0, 0, 0] + DocNo:[XIN20001002.0800.0051]
381 prioriti 1 Document Freq:[0, 0, 0, 1, 0, 0, 0, 0, 0, 0] + DocNo:[XIN20001002.0800.0051]
382 process 4 Document Freq:[0, 0, 0, 0, 2, 2, 0, 0, 0, 0] + DocNo:[AFA20001018.0000.0020, AFA20001018.1000.0062]
383 profil 1 Document Freq:[0, 0, 0, 0, 0, 0, 0, 0, 1, 0] + DocNo:[CNN20001019.1400.0201]
384 progress 3 Document Freq:[0, 0, 0, 0, 0, 0, 0, 3, 0, 0] + DocNo:[CNN20001019.1400.0012]
385 protect 1 Document Freq:[0, 0, 0, 0, 0, 0, 0, 1, 0, 0] + DocNo:[CNN20001019.1400.0012]
386 provid 2 Document Freq:[0, 0, 0, 0, 0, 0, 0, 1, 0, 1] + DocNo:[CNN20001019.1400.0012, CNN20001019.1400.0229]
387 public 1 Document Freq:[0, 0, 0, 1, 0, 0, 0, 0, 0, 0] + DocNo:[XIN20001002.0800.0051]
388 pull 1 Document Freq:[1, 0, 0, 0, 0, 0, 0, 0, 0, 0] + DocNo:[APW20010120.0310.0146]
389 quarter 4 Document Freq:[4, 0, 0, 0, 0, 0, 0, 0, 0, 0] + DocNo:[APW20010120.0310.0146]
390 quot 1 Document Freq:[0, 0, 0, 0, 0, 1, 0, 0, 0, 0] + DocNo:[AFA20001018.1000.0062]
391 rai 1 Document Freq:[1, 0, 0, 0, 0, 0, 0, 0, 0, 0] + DocNo:[APW20010120.0310.0146]
392 rank 1 Document Freq:[0, 1, 0, 0, 0, 0, 0, 0, 0, 0] + DocNo:[APW20010120.2106.0704]
393 rebound 1 Document Freq:[1, 0, 0, 0, 0, 0, 0, 0, 0, 0] + DocNo:[APW20010120.0310.0146]
394 recal 1 Document Freq:[0, 0, 1, 0, 0, 0, 0, 0, 0, 0] + DocNo:[APW20010124.1256.0442]
395 recoup 1 Document Freq:[0, 0, 0, 0, 0, 0, 0, 0, 0, 1] + DocNo:[CNN20001019.1400.0229]
396 recov 5 Document Freq:[0, 0, 0, 1, 0, 0, 0, 3, 0, 1] + DocNo:[XIN20001002.0800.0051, CNN20001019.1400.0012, CNN20001019.1400.0229]
397 redeem 1 Document Freq:[1, 0, 0, 0, 0, 0, 0, 0, 0, 0] + DocNo:[APW20010120.0310.0146]
398 reduc 1 Document Freq:[0, 0, 0, 0, 0, 0, 0, 0, 1, 0] + DocNo:[CNN20001019.1400.0201]
399 refuel 2 Document Freq:[0, 0, 0, 0, 0, 0, 0, 2, 0, 0] + DocNo:[CNN20001019.1400.0012]
400 region 1 Document Freq:[0, 0, 0, 0, 0, 0, 0, 1, 0, 0] + DocNo:[CNN20001019.1400.0012]
401 relat 1 Document Freq:[0, 0, 0, 0, 0, 0, 0, 1, 0, 0] + DocNo:[CNN20001019.1400.0012]
402 reliev 1 Document Freq:[1, 0, 0, 0, 0, 0, 0, 0, 0, 0] + DocNo:[APW20010120.0310.0146]
403 remain 3 Document Freq:[0, 0, 1, 1, 0, 0, 0, 1, 0, 0] + DocNo:[APW20010124.1256.0442, XIN20001002.0800.0051, CNN20001019.1400.0012]
404 remnant 1 Document Freq:[0, 0, 0, 1, 0, 0, 0, 0, 0, 0] + DocNo:[XIN20001002.0800.0051]
405 replai 1 Document Freq:[0, 0, 0, 0, 0, 0, 0, 1, 0, 0] + DocNo:[CNN20001019.1400.0012]
406 report 1 Document Freq:[0, 0, 0, 0, 0, 0, 0, 0, 0, 1] + DocNo:[CNN20001019.1400.0229]
407 reserv 1 Document Freq:[1, 0, 0, 0, 0, 0, 0, 0, 0, 0] + DocNo:[APW20010120.0310.0146]
408 resort 1 Document Freq:[0, 0, 1, 0, 0, 0, 0, 0, 0, 0] + DocNo:[APW20010124.1256.0442]
409 respons 1 Document Freq:[0, 0, 0, 0, 0, 0, 0, 1, 0, 0] + DocNo:[CNN20001019.1400.0012]
410 rest 1 Document Freq:[0, 1, 0, 0, 0, 0, 0, 0, 0, 0] + DocNo:[APW20010120.2106.0704]
411 retir 1 Document Freq:[0, 0, 0, 0, 0, 0, 0, 1, 0, 0] + DocNo:[CNN20001019.1400.0012]
412 return 2 Document Freq:[0, 0, 0, 0, 0, 0, 0, 2, 0, 0] + DocNo:[CNN20001019.1400.0012]
413 riski 1 Document Freq:[0, 0, 0, 1, 0, 0, 0, 0, 0, 0] + DocNo:[XIN20001002.0800.0051]
414 river 1 Document Freq:[0, 0, 1, 0, 0, 0, 0, 0, 0, 0] + DocNo:[APW20010124.1256.0442]
415 road 1 Document Freq:[0, 1, 0, 0, 0, 0, 0, 0, 0, 0] + DocNo:[APW20010120.2106.0704]
416 robert 1 Document Freq:[0, 0, 0, 0, 0, 0, 1, 0, 0, 0] + DocNo:[CNN20001019.1400.0001]
417 robinson 1 Document Freq:[1, 0, 0, 0, 0, 0, 0, 0, 0, 0] + DocNo:[APW20010120.0310.0146]
418 rodger 2 Document Freq:[0, 0, 0, 0, 0, 0, 0, 2, 0, 0] + DocNo:[CNN20001019.1400.0012]
419 rout 1 Document Freq:[0, 0, 0, 0, 0, 0, 0, 0, 1, 0] + DocNo:[CNN20001019.1400.0201]
420 routin 1 Document Freq:[1, 0, 0, 0, 0, 0, 0, 0, 0, 0] + DocNo:[APW20010120.0310.0146]
421 rubber 1 Document Freq:[0, 0, 0, 0, 0, 0, 0, 1, 0, 0] + DocNo:[CNN20001019.1400.0012]
422 rule 1 Document Freq:[0, 0, 0, 0, 0, 1, 0, 0, 0, 0] + DocNo:[AFA20001018.1000.0062]
423 run 5 Document Freq:[3, 2, 0, 0, 0, 0, 0, 0, 0, 0] + DocNo:[APW20010120.0310.0146, APW20010120.2106.0704]
424 russia 4 Document Freq:[0, 0, 0, 4, 0, 0, 0, 0, 0, 0] + DocNo:[XIN20001002.0800.0051]
425 russian 7 Document Freq:[0, 0, 0, 3, 2, 2, 0, 0, 0, 0] + DocNo:[XIN20001002.0800.0051, AFA20001018.0000.0020, AFA20001018.1000.0062]
426 rutger 4 Document Freq:[0, 4, 0, 0, 0, 0, 0, 0, 0, 0] + DocNo:[APW20010120.2106.0704]
427 ryan 1 Document Freq:[0, 1, 0, 0, 0, 0, 0, 0, 0, 0] + DocNo:[APW20010120.2106.0704]
428 s 16 Document Freq:[1, 2, 1, 1, 0, 0, 0, 8, 1, 2] + DocNo:[APW20010120.0310.0146, APW20010120.2106.0704, APW20010124.1256.0442, XIN20001002.0800.0051, CNN20001019.1400.0012, CNN20001019.1400.0201, CNN20001019.1400.0229]
429 sai 16 Document Freq:[0, 0, 0, 0, 0, 1, 0, 11, 3, 1] + DocNo:[AFA20001018.1000.0062, CNN20001019.1400.0012, CNN20001019.1400.0201, CNN20001019.1400.0229]
430 said 4 Document Freq:[0, 0, 0, 3, 0, 0, 0, 1, 0, 0] + DocNo:[XIN20001002.0800.0051, CNN20001019.1400.0012]
431 sailor 1 Document Freq:[0, 0, 0, 0, 1, 0, 0, 0, 0, 0] + DocNo:[AFA20001018.0000.0020]
432 saleh 1 Document Freq:[0, 0, 0, 0, 0, 0, 0, 1, 0, 0] + DocNo:[CNN20001019.1400.0012]
433 salvag 7 Document Freq:[0, 0, 0, 6, 0, 0, 0, 1, 0, 0] + DocNo:[XIN20001002.0800.0051, CNN20001019.1400.0012]
434 sam 1 Document Freq:[1, 0, 0, 0, 0, 0, 0, 0, 0, 0] + DocNo:[APW20010120.0310.0146]
435 sank 2 Document Freq:[0, 0, 0, 1, 1, 0, 0, 0, 0, 0] + DocNo:[XIN20001002.0800.0051, AFA20001018.0000.0020]
436 sat 1 Document Freq:[1, 0, 0, 0, 0, 0, 0, 0, 0, 0] + DocNo:[APW20010120.0310.0146]
437 saturdai 2 Document Freq:[0, 2, 0, 0, 0, 0, 0, 0, 0, 0] + DocNo:[APW20010120.2106.0704]
438 save 1 Document Freq:[0, 0, 0, 1, 0, 0, 0, 0, 0, 0] + DocNo:[XIN20001002.0800.0051]
439 scarlet 1 Document Freq:[0, 1, 0, 0, 0, 0, 0, 0, 0, 0] + DocNo:[APW20010120.2106.0704]
440 scene 2 Document Freq:[0, 0, 0, 0, 0, 0, 0, 2, 0, 0] + DocNo:[CNN20001019.1400.0012]
441 schedul 2 Document Freq:[0, 0, 0, 0, 1, 1, 0, 0, 0, 0] + DocNo:[AFA20001018.0000.0020, AFA20001018.1000.0062]
442 score 9 Document Freq:[8, 1, 0, 0, 0, 0, 0, 0, 0, 0] + DocNo:[APW20010120.0310.0146, APW20010120.2106.0704]
443 sea 2 Document Freq:[0, 0, 0, 0, 1, 1, 0, 0, 0, 0] + DocNo:[AFA20001018.0000.0020, AFA20001018.1000.0062]
444 seal 1 Document Freq:[1, 0, 0, 0, 0, 0, 0, 0, 0, 0] + DocNo:[APW20010120.0310.0146]
445 search 1 Document Freq:[0, 0, 0, 0, 0, 0, 0, 1, 0, 0] + DocNo:[CNN20001019.1400.0012]
446 season 2 Document Freq:[2, 0, 0, 0, 0, 0, 0, 0, 0, 0] + DocNo:[APW20010120.0310.0146]
447 second 6 Document Freq:[0, 2, 0, 1, 0, 1, 1, 1, 0, 0] + DocNo:[APW20010120.2106.0704, XIN20001002.0800.0051, AFA20001018.1000.0062, CNN20001019.1400.0001, CNN20001019.1400.0012]
448 secretari 1 Document Freq:[0, 0, 0, 1, 0, 0, 0, 0, 0, 0] + DocNo:[XIN20001002.0800.0051]
449 secur 2 Document Freq:[0, 0, 1, 1, 0, 0, 0, 0, 0, 0] + DocNo:[APW20010124.1256.0442, XIN20001002.0800.0051]
450 select 1 Document Freq:[1, 0, 0, 0, 0, 0, 0, 0, 0, 0] + DocNo:[APW20010120.0310.0146]
451 senat 2 Document Freq:[0, 0, 0, 0, 0, 0, 0, 2, 0, 0] + DocNo:[CNN20001019.1400.0012]
452 send 1 Document Freq:[1, 0, 0, 0, 0, 0, 0, 0, 0, 0] + DocNo:[APW20010120.0310.0146]
453 senior 1 Document Freq:[0, 0, 0, 0, 0, 0, 0, 1, 0, 0] + DocNo:[CNN20001019.1400.0012]
454 serv 1 Document Freq:[0, 0, 0, 0, 0, 0, 0, 1, 0, 0] + DocNo:[CNN20001019.1400.0012]
455 servic 2 Document Freq:[0, 0, 0, 0, 0, 0, 0, 1, 0, 1] + DocNo:[CNN20001019.1400.0012, CNN20001019.1400.0229]
456 set 1 Document Freq:[0, 0, 0, 0, 0, 0, 0, 1, 0, 0] + DocNo:[CNN20001019.1400.0012]
457 seven 1 Document Freq:[1, 0, 0, 0, 0, 0, 0, 0, 0, 0] + DocNo:[APW20010120.0310.0146]
458 ship 1 Document Freq:[0, 0, 0, 0, 0, 0, 0, 1, 0, 0] + DocNo:[CNN20001019.1400.0012]
459 shoot 2 Document Freq:[1, 1, 0, 0, 0, 0, 0, 0, 0, 0] + DocNo:[APW20010120.0310.0146, APW20010120.2106.0704]
460 short 1 Document Freq:[0, 0, 0, 0, 0, 0, 0, 1, 0, 0] + DocNo:[CNN20001019.1400.0012]
461 shot 6 Document Freq:[4, 2, 0, 0, 0, 0, 0, 0, 0, 0] + DocNo:[APW20010120.0310.0146, APW20010120.2106.0704]
462 show 1 Document Freq:[1, 0, 0, 0, 0, 0, 0, 0, 0, 0] + DocNo:[APW20010120.0310.0146]
463 sidnei 1 Document Freq:[0, 1, 0, 0, 0, 0, 0, 0, 0, 0] + DocNo:[APW20010120.2106.0704]
464 signific 1 Document Freq:[0, 0, 0, 0, 0, 0, 0, 1, 0, 0] + DocNo:[CNN20001019.1400.0012]
465 simpli 1 Document Freq:[0, 0, 0, 0, 0, 0, 0, 1, 0, 0] + DocNo:[CNN20001019.1400.0012]
466 singl 1 Document Freq:[0, 1, 0, 0, 0, 0, 0, 0, 0, 0] + DocNo:[APW20010120.2106.0704]
467 singletari 1 Document Freq:[0, 1, 0, 0, 0, 0, 0, 0, 0, 0] + DocNo:[APW20010120.2106.0704]
468 site 1 Document Freq:[0, 0, 0, 0, 0, 1, 0, 0, 0, 0] + DocNo:[AFA20001018.1000.0062]
469 slowli 1 Document Freq:[0, 1, 0, 0, 0, 0, 0, 0, 0, 0] + DocNo:[APW20010120.2106.0704]
470 snake 1 Document Freq:[0, 0, 1, 0, 0, 0, 0, 0, 0, 0] + DocNo:[APW20010124.1256.0442]
471 snap 1 Document Freq:[1, 0, 0, 0, 0, 0, 0, 0, 0, 0] + DocNo:[APW20010120.0310.0146]
472 softwaremak 1 Document Freq:[0, 0, 0, 0, 0, 0, 0, 0, 0, 1] + DocNo:[CNN20001019.1400.0229]
473 somewhat 1 Document Freq:[0, 0, 0, 0, 0, 0, 0, 0, 0, 1] + DocNo:[CNN20001019.1400.0229]
474 sourc 1 Document Freq:[0, 0, 0, 0, 0, 0, 0, 0, 1, 0] + DocNo:[CNN20001019.1400.0201]
475 spill 1 Document Freq:[0, 0, 1, 0, 0, 0, 0, 0, 0, 0] + DocNo:[APW20010124.1256.0442]
476 spot 1 Document Freq:[0, 0, 0, 0, 0, 0, 0, 1, 0, 0] + DocNo:[CNN20001019.1400.0012]
477 squar 1 Document Freq:[0, 0, 1, 0, 0, 0, 0, 0, 0, 0] + DocNo:[APW20010124.1256.0442]
478 staff 1 Document Freq:[0, 0, 0, 0, 0, 1, 0, 0, 0, 0] + DocNo:[AFA20001018.1000.0062]
479 stand 1 Document Freq:[0, 0, 0, 0, 0, 0, 0, 1, 0, 0] + DocNo:[CNN20001019.1400.0012]
480 start 5 Document Freq:[2, 2, 1, 0, 0, 0, 0, 0, 0, 0] + DocNo:[APW20010120.0310.0146, APW20010120.2106.0704, APW20010124.1256.0442]
481 state 2 Document Freq:[0, 0, 0, 1, 0, 0, 0, 0, 1, 0] + DocNo:[XIN20001002.0800.0051, CNN20001019.1400.0201]
482 stock 1 Document Freq:[0, 0, 0, 0, 0, 0, 0, 0, 0, 1] + DocNo:[CNN20001019.1400.0229]
483 stori 1 Document Freq:[0, 0, 0, 0, 0, 0, 0, 1, 0, 0] + DocNo:[CNN20001019.1400.0012]
484 straight 1 Document Freq:[1, 0, 0, 0, 0, 0, 0, 0, 0, 0] + DocNo:[APW20010120.0310.0146]
485 strateg 1 Document Freq:[0, 0, 0, 0, 0, 0, 0, 1, 0, 0] + DocNo:[CNN20001019.1400.0012]
486 streak 2 Document Freq:[2, 0, 0, 0, 0, 0, 0, 0, 0, 0] + DocNo:[APW20010120.0310.0146]
487 street 2 Document Freq:[0, 0, 0, 0, 0, 0, 0, 0, 0, 2] + DocNo:[CNN20001019.1400.0229]
488 stress 1 Document Freq:[0, 0, 0, 0, 0, 1, 0, 0, 0, 0] + DocNo:[AFA20001018.1000.0062]
489 stretch 2 Document Freq:[1, 1, 0, 0, 0, 0, 0, 0, 0, 0] + DocNo:[APW20010120.0310.0146, APW20010120.2106.0704]
490 stricken 1 Document Freq:[0, 0, 1, 0, 0, 0, 0, 0, 0, 0] + DocNo:[APW20010124.1256.0442]
491 struggl 2 Document Freq:[1, 1, 0, 0, 0, 0, 0, 0, 0, 0] + DocNo:[APW20010120.0310.0146, APW20010120.2106.0704]
492 submarin 7 Document Freq:[0, 0, 0, 4, 2, 1, 0, 0, 0, 0] + DocNo:[XIN20001002.0800.0051, AFA20001018.0000.0020, AFA20001018.1000.0062]
493 submerg 1 Document Freq:[0, 0, 0, 0, 0, 1, 0, 0, 0, 0] + DocNo:[AFA20001018.1000.0062]
494 success 2 Document Freq:[0, 0, 0, 2, 0, 0, 0, 0, 0, 0] + DocNo:[XIN20001002.0800.0051]
495 support 1 Document Freq:[0, 0, 0, 0, 0, 0, 0, 1, 0, 0] + DocNo:[CNN20001019.1400.0012]
496 t 1 Document Freq:[0, 0, 1, 0, 0, 0, 0, 0, 0, 0] + DocNo:[APW20010124.1256.0442]
497 taba 1 Document Freq:[0, 0, 1, 0, 0, 0, 0, 0, 0, 0] + DocNo:[APW20010124.1256.0442]
498 tangl 1 Document Freq:[0, 0, 0, 0, 0, 0, 0, 1, 0, 0] + DocNo:[CNN20001019.1400.0012]
499 tanker 1 Document Freq:[0, 0, 1, 0, 0, 0, 0, 0, 0, 0] + DocNo:[APW20010124.1256.0442]
500 team 2 Document Freq:[0, 1, 0, 0, 0, 0, 0, 1, 0, 0] + DocNo:[APW20010120.2106.0704, CNN20001019.1400.0012]
501 technic 1 Document Freq:[0, 0, 0, 1, 0, 0, 0, 0, 0, 0] + DocNo:[XIN20001002.0800.0051]
502 televis 1 Document Freq:[0, 0, 0, 1, 0, 0, 0, 0, 0, 0] + DocNo:[XIN20001002.0800.0051]
503 templ 1 Document Freq:[0, 1, 0, 0, 0, 0, 0, 0, 0, 0] + DocNo:[APW20010120.2106.0704]
504 terror 1 Document Freq:[0, 0, 0, 0, 0, 0, 0, 1, 0, 0] + DocNo:[CNN20001019.1400.0012]
505 terrorist 2 Document Freq:[0, 0, 0, 0, 0, 0, 0, 0, 2, 0] + DocNo:[CNN20001019.1400.0201]
506 testifi 1 Document Freq:[0, 0, 0, 0, 0, 0, 0, 1, 0, 0] + DocNo:[CNN20001019.1400.0012]
507 thank 1 Document Freq:[0, 0, 0, 0, 0, 0, 0, 1, 0, 0] + DocNo:[CNN20001019.1400.0012]
508 theori 1 Document Freq:[0, 0, 0, 0, 0, 0, 0, 1, 0, 0] + DocNo:[CNN20001019.1400.0012]
509 think 1 Document Freq:[0, 0, 0, 0, 0, 0, 0, 1, 0, 0] + DocNo:[CNN20001019.1400.0012]
510 thorp 2 Document Freq:[2, 0, 0, 0, 0, 0, 0, 0, 0, 0] + DocNo:[APW20010120.0310.0146]
511 throw 3 Document Freq:[2, 1, 0, 0, 0, 0, 0, 0, 0, 0] + DocNo:[APW20010120.0310.0146, APW20010120.2106.0704]
512 tiananmen 1 Document Freq:[0, 0, 1, 0, 0, 0, 0, 0, 0, 0] + DocNo:[APW20010124.1256.0442]
513 tight 1 Document Freq:[0, 0, 1, 0, 0, 0, 0, 0, 0, 0] + DocNo:[APW20010124.1256.0442]
514 time 4 Document Freq:[0, 1, 0, 0, 0, 0, 0, 1, 1, 1] + DocNo:[APW20010120.2106.0704, CNN20001019.1400.0012, CNN20001019.1400.0201, CNN20001019.1400.0229]
515 tire 1 Document Freq:[1, 0, 0, 0, 0, 0, 0, 0, 0, 0] + DocNo:[APW20010120.0310.0146]
516 todai 8 Document Freq:[0, 0, 0, 0, 2, 2, 0, 2, 0, 2] + DocNo:[AFA20001018.0000.0020, AFA20001018.1000.0062, CNN20001019.1400.0012, CNN20001019.1400.0229]
517 todd 1 Document Freq:[0, 1, 0, 0, 0, 0, 0, 0, 0, 0] + DocNo:[APW20010120.2106.0704]
518 told 1 Document Freq:[0, 0, 0, 0, 0, 0, 0, 1, 0, 0] + DocNo:[CNN20001019.1400.0012]
519 tomorrow 1 Document Freq:[0, 0, 0, 0, 0, 0, 0, 1, 0, 0] + DocNo:[CNN20001019.1400.0012]
520 took 2 Document Freq:[2, 0, 0, 0, 0, 0, 0, 0, 0, 0] + DocNo:[APW20010120.0310.0146]
521 tournament 1 Document Freq:[0, 1, 0, 0, 0, 0, 0, 0, 0, 0] + DocNo:[APW20010120.2106.0704]
522 travel 2 Document Freq:[0, 0, 0, 0, 0, 0, 0, 0, 2, 0] + DocNo:[CNN20001019.1400.0201]
523 tripl 1 Document Freq:[1, 0, 0, 0, 0, 0, 0, 0, 0, 0] + DocNo:[APW20010120.0310.0146]
524 troi 1 Document Freq:[0, 1, 0, 0, 0, 0, 0, 0, 0, 0] + DocNo:[APW20010120.2106.0704]
525 tuesdai 1 Document Freq:[0, 1, 0, 0, 0, 0, 0, 0, 0, 0] + DocNo:[APW20010120.2106.0704]
526 turkei 2 Document Freq:[0, 0, 0, 0, 0, 0, 0, 0, 2, 0] + DocNo:[CNN20001019.1400.0201]
527 u 5 Document Freq:[0, 0, 0, 1, 0, 0, 0, 4, 0, 0] + DocNo:[XIN20001002.0800.0051, CNN20001019.1400.0012]
528 understand 1 Document Freq:[0, 0, 0, 1, 0, 0, 0, 0, 0, 0] + DocNo:[XIN20001002.0800.0051]
529 unit 1 Document Freq:[0, 0, 0, 1, 0, 0, 0, 0, 0, 0] + DocNo:[XIN20001002.0800.0051]
530 updat 1 Document Freq:[0, 0, 0, 0, 0, 0, 0, 1, 0, 0] + DocNo:[CNN20001019.1400.0012]
531 urg 1 Document Freq:[0, 0, 0, 0, 0, 0, 0, 0, 1, 0] + DocNo:[CNN20001019.1400.0201]
532 us 2 Document Freq:[1, 0, 0, 0, 0, 0, 0, 1, 0, 0] + DocNo:[APW20010120.0310.0146, CNN20001019.1400.0012]
533 uss 2 Document Freq:[0, 0, 0, 0, 0, 0, 0, 2, 0, 0] + DocNo:[CNN20001019.1400.0012]
534 usual 1 Document Freq:[0, 0, 0, 0, 0, 0, 0, 0, 1, 0] + DocNo:[CNN20001019.1400.0201]
535 valeri 1 Document Freq:[0, 0, 0, 0, 0, 1, 0, 0, 0, 0] + DocNo:[AFA20001018.1000.0062]
536 vari 1 Document Freq:[0, 0, 0, 0, 0, 0, 0, 0, 1, 0] + DocNo:[CNN20001019.1400.0201]
537 victim 1 Document Freq:[0, 0, 0, 0, 0, 0, 0, 1, 0, 0] + DocNo:[CNN20001019.1400.0012]
538 victori 1 Document Freq:[1, 0, 0, 0, 0, 0, 0, 0, 0, 0] + DocNo:[APW20010120.0310.0146]
539 vulner 1 Document Freq:[0, 0, 0, 0, 0, 0, 0, 0, 1, 0] + DocNo:[CNN20001019.1400.0201]
540 wai 1 Document Freq:[0, 1, 0, 0, 0, 0, 0, 0, 0, 0] + DocNo:[APW20010120.2106.0704]
541 wall 2 Document Freq:[0, 0, 0, 0, 0, 0, 0, 0, 0, 2] + DocNo:[CNN20001019.1400.0229]
542 walter 2 Document Freq:[0, 0, 0, 0, 0, 0, 0, 2, 0, 0] + DocNo:[CNN20001019.1400.0012]
543 want 1 Document Freq:[0, 0, 0, 1, 0, 0, 0, 0, 0, 0] + DocNo:[XIN20001002.0800.0051]
544 warn 1 Document Freq:[0, 0, 0, 0, 0, 0, 0, 0, 1, 0] + DocNo:[CNN20001019.1400.0201]
545 warship 1 Document Freq:[0, 0, 0, 0, 0, 0, 0, 1, 0, 0] + DocNo:[CNN20001019.1400.0012]
546 watch 1 Document Freq:[0, 0, 0, 0, 0, 0, 1, 0, 0, 0] + DocNo:[CNN20001019.1400.0001]
547 weather 2 Document Freq:[0, 0, 0, 0, 1, 1, 0, 0, 0, 0] + DocNo:[AFA20001018.0000.0020, AFA20001018.1000.0062]
548 wednesdai 2 Document Freq:[0, 0, 0, 0, 1, 1, 0, 0, 0, 0] + DocNo:[AFA20001018.0000.0020, AFA20001018.1000.0062]
549 week 2 Document Freq:[0, 0, 0, 0, 1, 1, 0, 0, 0, 0] + DocNo:[AFA20001018.0000.0020, AFA20001018.1000.0062]
550 weekend 1 Document Freq:[0, 0, 0, 0, 0, 0, 0, 1, 0, 0] + DocNo:[CNN20001019.1400.0012]
551 welcom 1 Document Freq:[0, 0, 1, 0, 0, 0, 0, 0, 0, 0] + DocNo:[APW20010124.1256.0442]
552 went 1 Document Freq:[0, 1, 0, 0, 0, 0, 0, 0, 0, 0] + DocNo:[APW20010120.2106.0704]
553 weslei 3 Document Freq:[3, 0, 0, 0, 0, 0, 0, 0, 0, 0] + DocNo:[APW20010120.0310.0146]
554 west 1 Document Freq:[0, 0, 1, 0, 0, 0, 0, 0, 0, 0] + DocNo:[APW20010124.1256.0442]
555 win 2 Document Freq:[1, 1, 0, 0, 0, 0, 0, 0, 0, 0] + DocNo:[APW20010120.0310.0146, APW20010120.2106.0704]
556 winner 1 Document Freq:[1, 0, 0, 0, 0, 0, 0, 0, 0, 0] + DocNo:[APW20010120.0310.0146]
557 wire 1 Document Freq:[0, 0, 0, 0, 0, 0, 0, 1, 0, 0] + DocNo:[CNN20001019.1400.0012]
558 withdraw 1 Document Freq:[0, 0, 0, 1, 0, 0, 0, 0, 0, 0] + DocNo:[XIN20001002.0800.0051]
559 work 1 Document Freq:[1, 0, 0, 0, 0, 0, 0, 0, 0, 0] + DocNo:[APW20010120.0310.0146]
560 world 1 Document Freq:[0, 0, 1, 0, 0, 0, 0, 0, 0, 0] + DocNo:[APW20010124.1256.0442]
561 worst 1 Document Freq:[0, 1, 0, 0, 0, 0, 0, 0, 0, 0] + DocNo:[APW20010120.2106.0704]
562 xavier 1 Document Freq:[0, 1, 0, 0, 0, 0, 0, 0, 0, 0] + DocNo:[APW20010120.2106.0704]
563 year 3 Document Freq:[0, 1, 2, 0, 0, 0, 0, 0, 0, 0] + DocNo:[APW20010120.2106.0704, APW20010124.1256.0442]
564 yemen 8 Document Freq:[0, 0, 0, 0, 0, 0, 0, 8, 0, 0] + DocNo:[CNN20001019.1400.0012]
565 yemeni 1 Document Freq:[0, 0, 0, 0, 0, 0, 0, 1, 0, 0] + DocNo:[CNN20001019.1400.0012]
566 yesterdai 2 Document Freq:[0, 0, 0, 0, 0, 0, 0, 0, 0, 2] + DocNo:[CNN20001019.1400.0229]
567 zinni 1 Document Freq:[0, 0, 0, 0, 0, 0, 0, 1, 0, 0] + DocNo:[CNN20001019.1400.0012]
